Sandales du Piou Rose;Botte;1;01;17;2021;08;52;35;;294 kamas/u.;100;;;;;
Bottes de |'Aventurier;Botte;1;01;17;2021;08;52;40;;2827 kamas/u.;3 600;3 600;3 658;3 658;3 799;3 799;3 799;3 799;3 799;3 887;3 887;3 888;3 999;14 000;
Les Incrustes;Botte;1;01;17;2021;08;52;49;;34 kamas/u.;;;;;;
Bottes du Petit Bouftou;Botte;1;01;17;2021;08;52;55;;37 kamas/u.;10;;;;;
Bottes Usées d'Hogmeiser;Botte;1;01;17;2021;08;53;00;;61540 kamas/u.;59 998;;;;;
Sandales du Piou Rouge;Botte;1;01;17;2021;08;53;05;;14 kamas/u.;;;;;;
Sandales du Piou Bleu;Botte;1;01;17;2021;08;53;11;;70 kamas/u.;;;;;;
Sandales du Piou Violet;Botte;1;01;17;2021;08;53;16;;269 kamas/u.;;;;;;
Sandales du Piou Vert;Botte;1;01;17;2021;08;53;21;;17 kamas/u.;;;;;;
Sandales du Piou Jaune;Botte;1;01;17;2021;08;53;27;;95 kamas/u.;;;;;;
Bottes du Grand Bouftou;Botte;2;01;17;2021;08;53;31;;99 kamas/u.;19;;;;;
Bottes Agilesques;Botte;8;01;17;2021;08;53;36;;278 kamas/u.;145;145;145;145;;
Boufbottes;Botte;10;01;17;2021;08;53;42;;2529 kamas/u.;300;600;2 500;2 500;2 500;3 000;3 000;3111;3 200;4 490;4 490;4 490;5 000;5 000;6 999;20 000;20 000;20 000;20 000;20 000;21111;23 000;25 000;28 000;29 000;30 000;
Bottes en Mousse;Botte;11;01;17;2021;08;53;55;;6940 kamas/u.;500;500;500;3 000;6 500;3 000;6 500;13 500;
Petites Bottes de Klime;Botte;13;01;17;2021;08;54;01;;1172 kamas/u.;2 500;2 500;2 500;2 500;2 500;2 500;2 500;2 500;2 500;2 500;2 500;2 500;2 500;3 000;
Gobtroteur;Botte;14;01;17;2021;08;54;10;;2998 kamas/u.;10 000;;;;;
Bottes Paysannes;Botte;18;01;17;2021;08;54;15;;1016 kamas/u.;900;940;990;999;1 200;1 500;1 500;2 500;
Pieds du Sanglier;Botte;22;01;17;2021;08;54;22;;2982 kamas/u.;7999;19 999;;;;
Pantoufles du Tofu;Botte;23;01;17;2021;08;54;27;;7300 kamas/u.;7 000;7 500;;;;
Larvabottes;Botte;33;01;17;2021;08;54;32;;2432 kamas/u.;8 000;15 000;20 000;;;
Geta Akwadala;Botte;35;01;17;2021;08;54;37;;93553 kamas/u.;45 000;45 000;45 000;49 999;59 999;64 000;65 000;79 999;79 999;80 000;89 000;100 000;110 000;150 000;150 000;179 000;179 000;
Bottes du Boufcoul;Botte;38;01;17;2021;08;54;47;;29015 kamas/u.;22 000;22 000;30 000;32 000;35 000;
Bottes Tarsy;Botte;38;01;17;2021;08;54;52;;158661 kamas/u.;199 999;230 000;270 000;299 999;315 999;299 999;315 999;319 999;
Kwakobottes de Glace;Botte;40;01;17;2021;08;54;59;;34025 kamas/u.;34 000;34 000;34 000;;;
Kwakobottes de Terre;Botte;40;01;17;2021;08;55;04;;77421 kamas/u.;49 999;;;;;
Kwakobottes du Vent;Botte;40;01;17;2021;08;55;09;;12509 kamas/u.;44 500;44 999;44 999;45 000;;
Bottes Volatiles;Botte;41;01;17;2021;08;55;14;;19624 kamas/u.;49 999;75 000;100 000;;;
Esprit de Crocoburio;Botte;42;01;17;2021;08;55;20;;14076 kamas/u.;9 000;10 000;10 000;10 000;10 000;10 000;10 000;10 000;14 900;14 900;14 900;14 900;14 900;14 999;15 000;30 000;35 000;36 500;45 000;48 000;48 000;48 999;49 000;49 000;53 000;60 000;53 000;60 000;60 000;
Chispottes;Botte;42;01;17;2021;08;55;34;;34815 kamas/u.;20 000;;;;;
Abrabottes;Botte;45;01;17;2021;08;55;39;;23174 kamas/u.;24 000;24 000;24 444;24 444;24 444;24 444;24 444;24 444;24 444;24 444;24 444;
Corbottes;Botte;45;01;17;2021;08;55;47;;7593 kamas/u.;9 000;9 000;9 000;9 000;10 000;10 000;10 500;12 000;12 000;18 000;60 000;
Bottes du Craqueleur;Botte;47;01;17;2021;08;55;54;;2566 kamas/u.;2 399;;;;;
Bottes de Ragalde;Botte;49;01;17;2021;08;55;59;;32652 kamas/u.;20 000;;;;;
Bloptes Reinette;Botte;50;01;17;2021;08;56;05;;57341 kamas/u.;174 000;175 462;180 000;200 000;14 999 012;
Bloptes Indigo;Botte;50;01;17;2021;08;56;10;;76914 kamas/u.;49 999;54 000;55 000;57 500;58 888;59 999;60 000;65 000;60 000;65 000;17 999 012;
Boufbottes Royales;Botte;50;01;17;2021;08;56;18;;60968 kamas/u.;53 216;54 999;54 999;55 000;75 000;80 000;90 000;100 000;110 000;135 000;140 123;140 123;175 000;199 999;199 999;280 000;280 000;
Bottes d'Apprentissage;Botte;50;01;17;2021;08;56;29;;158679 kamas/u.;119 000;119 000;120 000;120 000;123 444;135 000;135 000;135 000;135 000;135 000;138 000;140 000;140 000;150 000;159 999;159 999;159 999;160 000;168 999;168 999;168 999;168 999;168 999;168 999;168 999;168 999;168 999;168 999;168 999;169 500;169 500;169 500;169 500;180 000;199 999;199 999;199 999;199 999;200 000;211 111;225 000;285 000;304 500;305 000;304 500;305 000;333 333;
Botodindo;Botte;50;01;17;2021;08;56;49;;79189 kamas/u.;50 000;50 000;70 000;70 000;;
Bloptes Coco;Botte;;01;17;2021;08;56;54;;94481 kamas/u.;90 000;90 000;250 000;;;
Bloptes Griottes;Botte;50;01;17;2021;08;57;00;;105295 kamas/u.;79 990;90 000;95 000;95 000;95 000;95 000;95 000;98 999;99 999;99 999;99 999;99 999;100 000;100 000;110 000;110 000;110 000;129 999;155 000;190 000;200 000;207 777;207 777;209 999;211 111;211 111;211 111;211 111;211 111;211 111;250 000;339 999;350 000;400 000;599 999;400 000;599 999;675 000;
Bottes de Céleri-Thé;Botte;53;01;17;2021;08;57;17;;59465 kamas/u.;70 000;;;;;
Scarabottes Dorées;Botte;54;01;17;2021;08;57;22;;41126 kamas/u.;55 000;59 999;68 000;69 000;70 000;77777;78 888;79 000;79 500;79 500;80 000;99 999;120 000;199 999;
Geta Aerdala;Botte;57;01;17;2021;08;57;31;;171468 kamas/u.;148 000;;;;;
Sandales Koliques;Botte;58;01;17;2021;08;57;36;;183088 kamas/u.;250 000;350 000;400 000;545 000;550 000;600 000;650 000;650 000;650 000;1455 555;1555 555;
Carabottes;Botte;60;01;17;2021;08;57;43;;19183 kamas/u.;10 000;10 000;14 450;14 980;14 999;15 000;15 000;15 000;15 000;15 000;15 003;16 000;16 000;20 000;29 999;29 999;35 000;35 000;40 000;95 000;
Gelobottes;Botte;60;01;17;2021;08;57;55;;72567 kamas/u.;49 999;62 000;62 000;63 999;63 999;64 000;64 000;64 000;64 000;64 000;65 000;66 666;68 000;68 999;72998;79 999;90 000;79 999;90 000;110 000;
Tongues Wabbits;Botte;60;01;17;2021;08;58;07;;9496 kamas/u.;6 999;9 000;10 000;10 000;10 000;10 000;13 000;13 000;13 000;13 000;25 000;
Bottes du Koalak;Botte;60;01;17;2021;08;58;14;;32383 kamas/Uu.;60 000;60 000;80 000;;;
Bottines du Mulou;Botte;61;01;17;2021;08;58;19;;52461 kamas/u.;49 000;49 000;49 000;49 000;49 000;49 000;49 000;49 000;49 000;49 000;49 000;49 000;49 000;49 000;49 000;49 000;49 000;49 000;49 000;49 000;50 000;54 999;55 000;55 000;57 776;57 776;59 000;59 000;59 000;59 000;59 888;59 888;60 000;70 000;74 000;74 950;75 000;84 999;
Moon Boots;Botte;62;01;17;2021;08;58;36;;185095 kamas/u.;189 999;193 999;195 000;195 000;195 000;195 000;195 000;195 000;195 000;195 000;199 999;200 000;200 000;208 999;209 000;209 000;209 000;209 000;209 000;209 000;
Tongues Baques;Botte;67;01;17;2021;08;58;47;;113805 kamas/u.;89 999;105 000;110 000;110 000;115 000;130 000;140 000;142 999;145 000;145 000;145 000;145 000;150 000;155 000;155 000;155 000;155 000;155 000;155 000;155 000;170 000;175 000;180 000;180 000;200 000;260 000;
Bottes de |'Eleveur de Bouftous;Botte;68;01;17;2021;08;59;00;;144970 kamas/u.;120 000;;;;;
Geta Feudala;Botte;68;01;17;2021;08;59;05;;93729 kamas/u.;149 999;149 999;230 000;240 000;260 000;
Pantoufles Crochues du Chef Crocodaille;Botte;70;01;17;2021;08;59;10;;36098 kamas/u.;350 000;399 999;;;;
Bottes du Koulosse;Botte;73;01;17;2021;08;59;15;;79809 kamas/u.;99 000;100 000;120 000;129 000;148 999;200 000;200 000;200 000;
Bottes d'Hogmeiser;Botte;76;01;17;2021;08;59;21;;279641 kamas/u.;330 000;340 000;340 000;340 000;340 000;340 000;340 000;340 000;340 000;340 000;344 999;344 999;344 999;350 000;399 999;488 000;489 525;489 525;489 888;489 888;489 888;489 888;489 999;489 999;489 999;490 000;
Sandales Adin;Botte;76;01;17;2021;08;59;33;;126659 kamas/u.;300 000;350 000;;;;
Bottes Orino;Botte;77;01;17;2021;08;59;39;;81542 kamas/u.;74 000;75 000;84 000;84 000;85 000;95 000;100 000;120 000;
Sabots de Farle;Botte;80;01;17;2021;08;59;45;;305614 kamas/u.;330 000;;;;;
Bloptes Griotte Royales;Botte;80;01;17;2021;08;59;49;;224605 kamas/u.;119 990;121 221;130 000;135 000;138 765;148 500;148 990;149 999;155 555;156 000;160 000;165 000;173 999;179 999;179 999;179 999;179 999;179 999;190 000;195 000;195 777;199 999;200 000;225 999;225 999;240 000;240 000;240 000;250 000;250 000;251 000;255 555;280 000;280 000;280 000;299 999;300 000;300 000;301 000;320 000;325 000;346 000;390 000;400 000;400 000;400 000;430 000;450 000;499 900;556 003;850 000;925 000;945 555;950 000;999 999;1 100 000;1 110 000;1 123 999;1655 555;1 123 999;1655 555;2 499 999;
Bloptes Reinette Royales;Botte;80;01;17;2021;09;00;15;;249443 kamas/u.;199 990;199 990;199 990;235 000;240 000;244 444;260 000;269 999;270 000;364 999;500 000;540 000;551 001;599 999;1 459 999;1599 999;1655 555;1599 999;1655 555;1 899 999;
Bloptes Coco Royales;Botte;80;01;17;2021;09;00;25;;207584 kamas/u.;190 000;190 000;250 000;290 000;350 000;350 000;1155555;1655 555;
Bloptes Indigo Royales;Botte;80;01;17;2021;09;00;31;;202904 kamas/u.;119 999;120 000;125 000;129 000;130 000;135 000;137 500;140 000;140 000;225 000;324 999;350 000;380 000;401 010;429 000;1111 011;1 255 555;1 399 999;1 499 999;1555 555;
Sabots de Shika;Botte;80;01;17;2021;09;00;42;;489851 kamas/u.;395 000;399 999;399 999;399 999;1 200 000;
Bottes du Gardien des Egotits;Botte;83;01;17;2021;09;00;47;;463073 kamas/u.;770 000;799 999;800 000;1 320 000;1 600 000;
Bloptes Multicolores Royales;Botte;90;01;17;2021;09;00;52;;601687 kamas/u.;950 000;1 000 000;1 200 000;1 300 000;1 500 000;
Mules du Dragon Cochon;Botte;93;01;17;2021;09;00;57;;150494 kamas/u.;160 000;160 000;185 000;;;
Bottes Animales;Botte;94;01;17;2021;09;01;02;;266842 kamas/u.;295 799;295 799;300 000;320 000;340 000;344 444;385 000;390 000;390 000;390 000;395 000;400 000;400 000;401 000;400 000;401 000;420 000;
Bottes du Rat Blanc;Botte;99;01;17;2021;09;01;11;;165201 kamas/u.;285 000;300 000;320 000;380 000;399 999;380 000;399 999;580 000;
Bottes Dorées d'Hogmeiser;Botte;99;01;17;2021;09;01;18;;1034401 kamas/u.;400 000;400 000;400 000;599 999;599 999;599 999;599 999;599 999;
Bottes Hanik;Botte;100;01;17;2021;09;01;24;;103016 kamas/u.;149 999;;;;;
Tong Aclou;Botte;100;01;17;2021;09;01;29;;346478 kamas/u.;205 000;217 500;;;;
Bottes Horchons;Botte;100;01;17;2021;09;01;35;;1567236 kamas/u.;1 299 999;1 299 999;1 350 000;1 400 000;1 650 000;1 750 000;1 800 000;1 979 988;1 989 898;2 888 888;2 980 000;
Bottes Deuradi;Botte;100;01;17;2021;09;01;42;;220129 kamas/u.;398 999;450 000;;;;
Bottes du Chef Bwork;Botte;100;01;17;2021;09;01;46;;118261 kamas/u.;140 000;145 000;149 999;150 000;166 666;175 000;178 000;178 000;178 000;178 000;200 000;200 000;220 000;250 000;
Botte Hairo;Botte;100;01;17;2021;09;01;55;;98027 kamas/u.;94 000;;;;;
Getas Bernacle;Botte;100;01;17;2021;09;02;00;;155849 kamas/u.;590 000;;;;;
Botte Ulisme;Botte;100;01;17;2021;09;02;05;;239311 kamas/u.;205 600;;;;;
Bottes du Rat Noir;Botte;101;01;17;2021;09;02;11;;147083 kamas/u.;200 000;200 000;200 000;215 000;300 000;215 000;300 000;320 000;
Protége-Tibias Ancestraux;Botte;110;01;17;2021;09;02;17;;672260 kamas/u.;520 000;549 990;549 990;549 990;549 990;549 990;549 990;549 990;549 990;549 990;549 990;549 990;549 990;549 990;549 990;549 990;550 000;590 000;640 000;640 000;640 000;640 000;640 000;644 000;650 000;650 000;650 000;666 666;666 666;670 000;696 999;698 000;699 999;699 999;700 000;700 000;701 000;749 995;749 995;749 995;749 995;749 995;749 995;750 000;780 000;849 999;849 999;849 999;850 000;949 999;966 655;979 999;999 999;999 999;1 000 000;1 000 000;1 000 000;1 000 000;1 000 000;1 000 000;1 050 000;1 050 000;1 100 000;1 100 000;1 100 000;1 150 000;1 160 000;1 200 000;1 200 000;1 290 000;1 300 000;1 500 000;1 566 666;2 499 999;
Bottes du Minotoror;Botte;113;01;17;2021;09;02;44;;926221 kamas/u.;899 999;950 000;;;;
Sandales Humeuses;Botte;121;01;17;2021;09;02;50;;372209 kamas/u.;450 000;499 999;499 999;499 999;499 999;499 999;499 999;650 000;
Bottes Animales Sombres;Botte;122;01;17;2021;09;02;56;;286612 kamas/u.;670 000;670 000;678 888;679 999;680 000;680 000;688 000;688 888;
Sandales Titude;Botte;122;01;17;2021;09;03;02;;414089 kamas/u.;200 000;200 000;214 563;300 000;320 000;340 000;340 000;340 000;340 000;340 000;340 000;340 000;340 000;399 999;399 999;400 000;400 000;449 999;449 999;449 999;449 999;449 999;449 999;500 000;650 000;850 000;888 888;899 999;999 999;999 999;999 999;999 999;999 999;999 999;999 999;999 999;999 999;1 234 567;
Sandales Titude;Botte;122;01;17;2021;09;03;21;;414089 kamas/u.;200 000;200 000;214 563;300 000;320 000;340 000;340 000;340 000;340 000;340 000;340 000;340 000;340 000;399 999;399 999;400 000;400 000;449 999;449 999;449 999;449 999;449 999;449 999;500 000;650 000;850 000;888 888;899 999;999 999;999 999;999 999;999 999;999 999;999 999;999 999;999 999;999 999;1 234 567;
Bottes Harry;Botte;123;01;17;2021;09;03;38;;4759798 kamas/u.;4 500 000;4 599 012;4 600 000;4 650 000;4 666 666;4 800 000;4 850 000;4 855 000;4 900 000;5 005 000;5 099 000;5 500 000;5 700 000;6 000 000;5 700 000;6 000 000;9 000 000;
Bottes du Dragoeuf;Botte;129;01;17;2021;09;03;47;;2520858 kamas/u.;3 200 000;3 499 999;3 600 000;3 699 999;3 850 000;4 000 000;4 156 999;5555 555;
Bottes du Meulou;Botte;131;01;17;2021;09;03;55;;1208826 kamas/u.;799 990;799 990;799 990;799 990;799 990;800 000;817 999;880 000;889 999;999 999;1 000 000;1 059 999;1 199 969;1 200 000;1 250 000;1 300 000;1 500 000;1 650 000;1 700 000;2 000 000;2 000 000;2 399 999;2 500 000;3 500 000;3 999 999;3 999 999;3 999 999;3 999 999;7777777;
Bottes Cérémoniales du Seigneur des Rats;Botte;134;01;17;2021;09;04;08;;747396 kamas/u.;718 969;720 000;1 200 000;1 550 000;1 700 000;
Bottines en bois d'abrakleur;Botte;136;01;17;2021;09;04;13;;561813 kamas/u.;1 300 000;1 300 000;2 000 000;2 499 969;2 666 666;2 499 969;2 666 666;3 000 000;
Sandales du Minotot;Botte;163;01;17;2021;09;04;19;;2182005 kamas/u.;2 199 990;2 199 990;2 199 990;2 199 990;2 199 990;2 499 999;2 699 999;2714 141;2 801 233;2 999 999;3 750 000;3 900 000;3 950 000;3 999 999;4 000 000;4999 012;4999 012;4999 012;6 499 999;6 666 666;
Bottines des sous-bois;Botte;175;01;17;2021;09;04;29;;4890346 kamas/u.;5 500 000;5 500 000;6 000 000;6 399 999;9 600 000;9 999 012;9 999 999;10 500 000;10 500 000;11 500 000;11 999 012;
Bottines des sous-bois;Botte;175;01;17;2021;09;04;37;;4890346 kamas/u.;5 500 000;5 500 000;6 000 000;6 399 999;9 600 000;9 999 012;9 999 999;10 500 000;10 500 000;11 500 000;11 999 012;
Chaussons Pignons;Botte;181;01;17;2021;09;04;44;;4003062 kamas/u.;3 745 000;3 750 000;3 800 000;3 900 000;3 999 990;3 999 990;3 999 990;3 999 990;3 999 998;4 199 000;5 500 000;5 999 012;5 999 012;5 999 301;6 999 012;6 999 012;6 999 012;6 999 012;6 999 012;7999 012;7999 012;7999 012;7999 012;8 000 000;8 999 012;9999 012;8 999 012;9 999 012;80 000 000;
,Bottes Répané;Botte;184;01;17;2021;09;04;59;;6335402 kamas/u.;5 399 995;5 500 000;5 500 000;5 600 000;5 600 000;5 756 516;6 100 000;6 100 000;6 150 000;6 411 111;6 899 999;7 499 012;7 500 000;7 800 000;9 000 000;10 000 000;11 900 000;10 000 000;11 900 000;149 999 012;
Sandales Circulaires du Kimbo;Botte;195;01;17;2021;09;05;10;;1327580 kamas/u.;899 990;899 990;899 990;899 990;1 499 999;1 499 999;1 755 000;1 799 999;1 799 999;2 000 000;2 500 000;
Ceinture du Piou Violet;Ceinture;1;01;17;2021;09;05;28;;65 kamas/u.;;;;;;
Ceinture du Piou Vert;Ceinture;1;01;17;2021;09;05;34;;7 kamas/u.;;;;;;
Ceinture de I'aventurier;Ceinture;1;01;17;2021;09;05;39;;7648 kamas/u.;9 950;9 950;9 950;9 950;9 950;9 950;9 950;9 950;9 998;9 998;9 999;9 999;9 999;10 000;10 000;12 000;12 000;15 000;16 900;17 000;17 000;17 000;28 000;28 000;29 000;30 000;
Ceinture de Chance;Ceinture;1;01;17;2021;09;05;51;;1001 kamas/u.;1 500;;;;;
Ceinture du Piou Jaune;Ceinture;1;01;17;2021;09;05;56;;4 kamas/u.;;;;;;
La Spamette;Ceinture;1;01;17;2021;09;06;01;;30 kamas/u.;;;;;;
Ceinture du Piou Rose;Ceinture;1;01;17;2021;09;06;07;;12 kamas/u.;50;;;;;
Petite Ceinture Forcesque;Ceinture;;01;17;2021;09;06;11;;469 kamas/u.;;;;;;
Petite Ceinture Agilesque;Ceinture;1;01;17;2021;09;06;16;;145 kamas/u.;80;;;;;
Ceinture du Piou Rouge;Ceinture;1;01;17;2021;09;06;22;;128 kamas/u.;;;;;;
Ceinture du Piou Bleu;Ceinture;1;01;17;2021;09;06;27;;76 kamas/u.;;;;;;
Araknoture;Ceinture;6;01;17;2021;09;06;31;;116 kamas/u.;79;80;80;100;100;100;100;100;
Ceinture en Mousse;Ceinture;10;01;17;2021;09;06;38;;2393 kamas/u.;2545;20 456;;;;
Ceinture du Bandit;Ceinture;15;01;17;2021;09;06;43;;2318 kamas/u.;1998;1 998;1 998;1999;2 000;2 000;2 000;4 000;4 000;4 000;4999;4 999;4999;4999;4 999;4999;5 000;
Sanglature;Ceinture;18;01;17;2021;09;06;52;;618 kamas/u.;618;900;900;900;1 500;1 500;1 500;1 500;
Ceinturemuda du Paysan;Ceinture;20;01;17;2021;09;06;59;;916 kamas/u.;yi);284;285;285;285;300;340;350;399;400;500;799;900;900;900;900;1 000;
Ceinture de I'Homme Ours;Ceinture;20;01;17;2021;09;07;07;;9462 kamas/u.;666;1 500;2 000;2 000;;
Ceinture du Bouftou;Ceinture;20;01;17;2021;09;07;12;;3615 kamas/u.;999;1 000;1 000;1 000;1 000;1 000;1 000;1111;1 150;1 500;1 500;1 800;1 800;1 900;1 900;2 000;2 000;2 000;2 000;2 000;2 000;2 000;2 000;2 400;2 400;2 450;2 500;3 000;3 100;3 100;3 500;3 600;3 999;3 999;3 999;4 000;4 000;4 000;4 000;4 000;4 000;4 000;4 000;4 000;4 000;4 000;4 000;4 100;4150;4 230;4 999;5 000;6 950;6 999;7111;7511;7 980;8 001;8 100;8 111;8111;8111;8 111;9 999;9 999;10 000;11 500;15 000;19 999;20 000;20 000;20 000;20 000;20 000;20 000;28 000;29 500;29 500;29 999;30 000;
Ceinture Piquante;Ceinture;26;01;17;2021;09;07;42;;56060 kamas/u.;79 999;120 000;125 000;145 000;;
Ceinture de Célérité;Ceinture;27;01;17;2021;09;07;47;;39477 kamas/u.;40 000;;;;;
La Mouthmou;Ceinture;27;01;17;2021;09;07;52;;90113 kamas/u.;90 000;99 998;99 998;99 999;99 999;
Ceinture du Prespic;Ceinture;33;01;17;2021;09;07;57;;8448 kamas/u.;1 500;4 000;29 999;37 000;37 000;38 000;43 999;43 999;43 999;43 999;50 000;
Ceinture du Tot;Ceinture;33;01;17;2021;09;08;04;;13283 kamas/u.;10 000;;;;;
Ceinture du Boufcoul;Ceinture;37;01;17;2021;09;08;09;;14993 kamas/u.;8 999;9 000;12 000;;;
L'Ami Léhunui;Ceinture;37;01;17;2021;09;08;14;;33083 kamas/u.;204 000;;;;;
Krustoture;Ceinture;39;01;17;2021;09;08;19;;142073 kamas/u.;300 000;;;;;
Ceinture Akwadala;Ceinture;41;01;17;2021;09;08;24;;52731 kamas/u.;30 000;30 000;35 999;35 999;37 000;40 000;42 999;50 000;54 000;64 999;65 000;65 000;65 000;79 999;
Kwakture de Terre;Ceinture;41;01;17;2021;09;08;33;;263190 kamas/u.;55 000;60 000;;;;
Kwakture de Vent;Ceinture;41;01;17;2021;09;08;38;;15501 kamas/u.;60 000;;;;;
Ceinture Kokokette;Ceinture;42;01;17;2021;09;08;43;;31786 kamas/u.;40 101;40 101;40 101;40 101;40 101;45 000;45 000;45 000;47 000;47 000;49 000;49 000;70 000;85 000;
Scarature Noire;Ceinture;43;01;17;2021;09;08;51;;7052 kamas/u.;5 000;5 000;5 000;7 500;7 500;7999;8 000;9 000;9 000;9 000;15 000;
Ceinture du Craqueleur;Ceinture;45;01;17;2021;09;08;59;;2256 kamas/u.;2 399;2 400;2 499;2 499;2 500;2 500;2 500;2999;2999;3 300;3 300;3 500;3 500;3555;
Abrature;Ceinture;45;01;17;2021;09;09;07;;11086 kamas/u.;18 887;19 999;19 999;19 999;23 999;23 999;23 999;24 000;24 000;24 000;24 000;24 000;24 000;24 000;
Scarature Bleue;Ceinture;46;01;17;2021;09;09;16;;2446 kamas/u.;eee}}:};3 999;4 000;4 500;4 500;4 998;4 998;4999;4 999;5 000;5 000;5 000;6 000;6 200;6 500;6 999;7 071;7 490;7 490;7 490;7 490;7 500;7 500;7 500;7 500;9 000;
Scarature Verte;Ceinture;46;01;17;2021;09;09;29;;2616 kamas/u.;6 899;6 900;6 999;6 999;6 999;6 999;6 999;6 999;7 000;7777;8 000;8 000;8 000;8 500;
Scarature Blanche;Ceinture;46;01;17;2021;09;09;37;;2747 kamas/u.;4 000;4 000;4 000;4 000;4 500;4 750;4997;4 997;4 999;4999;5 000;5 000;8 000;49 990;
Scarature Rouge;Ceinture;46;01;17;2021;09;09;46;;4090 kamas/u.;4 000;4 000;4 499;4 500;4 500;4 500;4 998;5 000;5 000;5 000;5 000;6 500;7 500;7 500;7 500;8 000;8 500;10 000;10 000;10 000;10 000;10 000;22 222;
L'Adelus;Ceinture;48;01;17;2021;09;09;58;;23054 kamas/u.;8 500;9 999;9 999;9 999;9 999;12 000;12 000;13 500;13 500;13 500;13 500;14 000;14 000;14 000;14 001;14 001;15 000;15 000;15 000;15 000;16 000;16 000;16 500;17 000;18 000;18 000;18 000;20 000;20 000;22 000;22 000;24 000;55 999;60 000;60 000;83 999;84 000;85 000;84 000;85 000;100 000;
Ceinture Terrdala;Ceinture;49;01;17;2021;09;10;15;;13292 kamas/u.;‘spr ={e]e);7 000;15 000;;;
String du Mulou;Ceinture;49;01;17;2021;09;10;21;;8227 kamas/u.;79 900;80 000;80 000;80 000;82 000;82 000;82 000;100 000;
Ceinture Chafeuse;Ceinture;49;01;17;2021;09;10;27;;77202 kamas/u.;40 000;50 000;65 000;70 000;70 000;70 000;70 000;80 000;
Chtevu;Ceinture;49;01;17;2021;09;10;33;;5646 kamas/u.;99 000;;;;;
Blopture Reinette;Ceinture;50;01;17;2021;09;10;38;;59628 kamas/u.;39 990;44 000;45 000;45 123;55 000;65 000;70 000;105 000;105 000;250 000;14 999 012;
Blopture Coco;Ceinture;50;01;17;2021;09;10;45;;71062 kamas/u.;59 999;60 000;60 000;80 000;97 000;99 990;115 500;350 000;
Ceinture Luthuthu;Ceinture;50;01;17;2021;09;10;51;;172086 kamas/u.;280 000;;;;;
Blopture Indigo;Ceinture;50;01;17;2021;09;10;57;;76216 kamas/u.;65 999;69 999;69 999;75 000;80 000;75 000;80 000;14 999 012;
Blopture Griotte;Ceinture;50;01;17;2021;09;11;03;;140669 kamas/u.;25 000;27777;35 000;40 000;49 999;49 999;49 999;49 999;49 999;65 000;105 000;105 000;105 000;110 000;110 000;115 000;400 000;500 000;525 000;555 555;555 555;699 999;15 789 666;
Scarature Dorée;Ceinture;51;01;17;2021;09;11;15;;4380 kamas/u.;4750;6 000;7 000;7 498;10 000;7 498;10 000;14 999;
Ceinture Royale du Bouftou;Ceinture;52;01;17;2021;09;11;22;;62646 kamas/u.;29 999;30 000;35 000;44 000;45 000;47 000;47 000;50 000;79 560;95 600;124 999;124 999;124 999;124 999;124 999;124 999;199 999;
Ceinture Bontarienne;Ceinture;53;01;17;2021;09;11;31;;52390 kamas/u.;70 000;70 000;80 000;90 000;90 000;90 000;90 000;110 000;
Ceinture Brakmarienne;Ceinture;53;01;17;2021;09;11;37;;37994 kamas/u.;64 899;64 899;64 899;64 899;64 899;64 999;64 999;64 999;64 999;64 999;64 999;64 999;64 999;64 999;64 999;64 999;64 999;80 000;80 000;80 000;80 000;80 000;80 000;80 000;80 000;80 000;
Ceinture du Rat;Ceinture;55;01;17;2021;09;11;51;;14156 kamas/u.;7 000;7 000;7 000;7 200;7 200;7 499;7 500;7 500;8 500;8 999;9 000;10 000;10 900;10 999;12 000;15 000;25 000;26 999;29 000;29 999;29 999;29 999;29 999;30 000;30 000;30 000;30 000;40 000;44 000;44 999;44 999;44 999;45 000;45 000;45 000;45 000;45 000;45 000;45 000;50 000;50 000;
Ceinture du Dodu Trembleur;Ceinture;55;01;17;2021;09;12;10;;153263 kamas/u.;1 eye;115 111;115 111;115 111;115 111;115 111;115 111;115 111;115 111;115 111;115 111;115 111;115 111;115 111;120 000;135 000;139 999;148 888;148 888;148 888;148 888;148 888;148 888;179 999;179 999;179 999;179 999;179 999;179 999;180 000;199 999;200 000;205 000;225 123;229 999;229 999;229 999;229 999;230 000;230 000;230 000;299 999;300 000;300 000;300 000;300 000;300 000;
Ceinture du Koalak;Ceinture;60;01;17;2021;09;12;32;;45920 kamas/u.;35 000;35 000;35 000;35 000;40 000;40 000;41 000;41 000;41 000;42 000;42 000;42 999;43 000;43 000;44 000;44 000;44 444;45 000;45 454;49 999;49 999;49 999;50 000;53 999;55 000;57 999;74 500;74 500;74 500;84 900;84 900;84 900;84 900;84 900;89 000;89 998;89 999;89 999;89 999;89 999;89 999;90 000;90 000;105 555;105 555;105 555;105 555;110 000;110 000;110 000;110 000;110 000;110 000;120 000;120 000;120 000;120 000;130 000;140 000;140 000;150 000;150 000;150 000;170 000;170 000;170 000;170 000;170 000;
Slip Kangouwou du Wabbit GM;Ceinture;60;01;17;2021;09;12;58;;170053 kamas/u.;350 000;;;;;
Ceinture Tortue Bleue;Ceinture;60;01;17;2021;09;13;03;;106490 kamas/u.;25 000;30 000;35 000;35 000;49 999;50 000;60 000;64 500;65 000;76 000;77 000;77 000;78 000;80 000;
Ceinture Tortue Verte;Ceinture;60;01;17;2021;09;13;11;;92017 kamas/u.;45 500;;;;;
Geloture;Ceinture;60;01;17;2021;09;13;17;;20303 kamas/u.;7 500;7999;7999;8 998;8 999;8 999;8 999;8 999;9 000;11111;11 500;11 500;11 999;12 222;12 222;13 333;13 333;15 000;28 888;28 888;28 888;30 000;34 444;35 555;38 999;40 000;45 000;47 000;49 876;51 999;52 000;179 997;
Ceinture Tortue Rouge;Ceinture;60;01;17;2021;09;13;31;;129945 kamas/u.;25 000;26 999;29 999;29 999;29 999;31 999;34 999;37 999;39 999;39 999;40 000;
Ceinture Tortue Jaune;Ceinture;60;01;17;2021;09;13;38;;71156 kamas/u.;v7 ele] 0);78 000;80 000;81 000;82 000;83 000;84 000;84 000;85 000;86 000;90 000;86 000;90 000;130 000;
Ceinture Ouginakale;Ceinture;65;01;17;2021;09;13;47;;179327 kamas/u.;120 000;;;;;
La Xerbo;Ceinture;67;01;17;2021;09;13;51;;81863 kamas/u.;60 000;68 999;68 999;68 999;68 999;69 999;70 000;75 000;80 000;80 000;80 000;80 000;88 000;195 000;
Ceinture Aerdala;Ceinture;70;01;17;2021;09;14;00;;17899 kamas/u.;14 000;14 000;15 000;16 000;16 000;16 666;16 999;45 000;45 000;50 000;60 000;60 000;65 000;89 400;90 000;90 000;130 000;90 000;130 000;199 999;
Ceinture d'une Femme en Or;Ceinture;71;01;17;2021;09;14;11;;193546 kamas/u.;80 000;88 888;110 000;129 000;160 000;190 000;190 000;190 000;190 000;190 000;195 566;
Ceinture Dracochoune;Ceinture;77;01;17;2021;09;14;19;;116482 kamas/u.;95 000;100 000;100 000;110 000;110 000;115 000;125 000;125 000;125 000;130 000;130 000;130 000;130 000;140 000;140 000;200 000;200 000;
Puissante Ceinture Fulgurante;Ceinture;80;01;17;2021;09;14;28;;3399638 kamas/u.;2 750 000;2777777;2 855 000;2 900 000;2 989 898;3 000 000;3 049 000;3111111;3 123 212;4 000 000;4999 999;5 000 000;5555555;7777777;5 555 555;7777777;46 666 666;
Shikature;Ceinture;80;01;17;2021;09;14;38;;150249 kamas/u.;380 000;380 000;390 000;395 950;;
Ceinture du Craqueleur Légendaire;Ceinture;80;01;17;2021;09;14;43;;198736 kamas/u.;100 000;;;;;
Farlature;Ceinture;;01;17;2021;09;14;48;;400000 kamas/u.;330 000;350 000;350 000;350 000;;
Blopture Griotte Royale;Ceinture;80;01;17;2021;09;14;53;;157812 kamas/u.;75 000;79 999;79 999;79 999;80 000;
Blopture Reinette Royale;Ceinture;80;01;17;2021;09;14;59;;140975 kamas/u.;59 999;78 999;80 000;80 000;85 000;120 000;140 000;150 000;150 000;200 000;729 999;
Blopture Coco Royale;Ceinture;80;01;17;2021;09;15;06;;143930 kamas/u.;100 000;100 000;100 000;105 000;120 000;180 000;325 555;395 000;499 999;500 000;600 000;500 000;600 000;799 999;
Blopture Indigo Royale;Ceinture;80;01;17;2021;09;15;15;;135862 kamas/u.;100 000;109 950;110 000;110 000;140 000;140 000;140 000;144 999;145 000;150 000;220 000;333 333;401 001;410 000;410 000;450 000;500 000;500 000;500 000;555 555;555 555;600 000;625 555;
Ceinture Mulante;Ceinture;81;01;17;2021;09;15;26;;204954 kamas/u.;419 999;;;;;
Ceinture Feudala;Ceinture;81;01;17;2021;09;15;31;;76404 kamas/u.;45 000;45 000;49 999;74 000;75 000;75 000;90 000;120 000;
Ceinture des Vents;Ceinture;84;01;17;2021;09;15;38;;979721 kamas/u.;500 000;568 000;599 995;599 999;599 999;599 999;599 999;600 000;622 222;666 666;700 000;700 000;799 999;799 999;799 999;800 000;800 000;800 000;888 888;945 000;950 000;980 000;999 999;999 999;999 999;999 999;1 010 000;1 040 000;1 045 000;1 100 000;1111111;1 400 000;1 600 000;1999 999;1999 999;1999 999;2 000 000;2 000 000;2 000 000;24 250 000;29 999 012;
Blopture Multicolore Royale;Ceinture;90;01;17;2021;09;15;55;;560831 kamas/u.;500 000;550 000;600 000;;;
Ceinture sombre en Abrakleur;Ceinture;92;01;17;2021;09;16;00;;219664 kamas/u.;180 000;220 000;220 000;220 000;220 000;
Ceinture Chouqueuse;Ceinture;98;01;17;2021;09;16;06;;367570 kamas/u.;599 999;799 999;799 999;890 000;899 999;900 000;900 000;900 000;900 000;900 000;900 000;949 999;949 999;949 999;949 999;999 999;999 999;
Slip du Chef Bwork;Ceinture;100;01;17;2021;09;16;16;;23353 kamas/Uu.;10 000;15 000;15 000;17 777;17 777;17 778;17 800;18 000;18 000;18 000;18 000;19 999;19 999;19 999;19 999;19 999;19 999;19 999;19 999;19 999;20 000;21 222;21 222;23 555;24 900;25 000;25 000;25 000;25 000;25 000;25 000;25 000;30 000;30 000;35 000;35 000;36 000;37 000;37 000;37 000;38 000;45 000;45 000;45 000;45 000;45 000;46 000;49 999;50 000;50 000;50 000;60 000;60 000;60 000;60 000;60 000;
Ceinture du Rat Noir;Ceinture;101;01;17;2021;09;16;41;;147740 kamas/u.;1 ehh);141 999;141 999;141 999;141 999;141 999;145 000;165 000;173 333;173 333;175 000;179 999;179 999;179 999;179 999;179 999;179 999;179 999;180 000;180 000;200 000;200 000;220 000;225 000;450 000;500 000;500 000;500 000;520 000;
Ceinture du Rat Blanc;Ceinture;102;01;17;2021;09;16;55;;312932 kamas/u.;600 000;700 000;900 000;;;
Abrature Ancestrale;Ceinture;111;01;17;2021;09;17;00;;521385 kamas/u.;390 000;399 999;399 999;399 999;399 999;400 000;400 000;410 000;425 000;427 000;458 990;459 000;459 000;459 000;490 000;499 999;550 000;550 000;595 000;598 897;598 897;598 897;598 897;599 999;599 999;599 999;599 999;599 999;599 999;600 000;620 000;650 000;650 000;650 000;650 000;700 000;750 000;799 999;800 000;800 000;800 000;888 888;888 888;988 888;988 888;988 888;988 888;988 888;988 888;988 888;988 888;988 888;988 888;988 888;988 888;988 888;988 888;988 888;988 888;
Ceinture du Minotoror;Ceinture;111;01;17;2021;09;17;23;;546591 kamas/u.;500 000;500 000;500 000;650 000;725 000;930 000;1 299 999;1 799 999;
Ceinture Corbaquiale;Ceinture;120;01;17;2021;09;17;30;;218512 kamas/u.;359 999;359 999;359 999;700 000;;
Ceinture de |'Amant d'Ha;Ceinture;121;01;17;2021;09;17;35;;421924 kamas/u.;374 999;374 999;374 999;374 999;374 999;374 999;374 999;380 000;400 000;420 000;479 999;479 999;479 999;479 999;479 999;479 999;530 000;530 000;530 000;530 000;
Ceinture du Dragoeuf;Ceinture;124;01;17;2021;09;17;45;;2571128 kamas/u.;3 600 000;3 700 000;3 850 000;4 000 000;4 000 000;4 000 000;4 800 000;4999 999;4999 999;65 000 000;69 999 999;
Xénature;Ceinture;125;01;17;2021;09;17;54;;266109 kamas/u.;120 000;137 000;137 000;137 000;137 000;137 000;137 999;137 999;137 999;137 999;137 999;137 999;138 000;140 000;145 000;150 000;165 000;170 000;199 990;200 000;220 420;220 420;220 420;220 420;220 420;329 999;349 999;429 999;444 444;444 444;499 999;499 999;
Ceinture du Meulou;Ceinture;125;01;17;2021;09;18;08;;2299371 kamas/u.;1 900 000;2 000 000;2111 111;2 200 000;2 200 000;2 250 000;2 300 000;2 678 458;2 700 000;2 700 000;2 800 000;2 999 999;3 000 000;3 299 999;3 000 000;3 299 999;4 950 000;
Ceinture Sula;Ceinture;125;01;17;2021;09;18;18;;348722 kamas/u.;270 000;270 000;270 000;270 000;300 000;300 000;333 333;340 000;349 999;349 999;350 000;350 000;350 000;350 000;350 000;350 000;699 999;699 999;699 999;699 999;699 999;699 999;800 000;
Ceinture Claire en Abrakleur;Ceinture;128;01;17;2021;09;18;30;;944814 kamas/u.;889 999;900 000;943 200;;;
Ceinture Meulante;Ceinture;129;01;17;2021;09;18;35;;1421497 kamas/u.;2 800 000;2 899 999;3 000 000;;;
Sangle Cible;Ceinture;130;01;17;2021;09;18;40;;400889 kamas/u.;690 999;740 000;;;;
Ceinture Lupine;Ceinture;130;01;17;2021;09;18;45;;350000 kamas/u.;499 999;580 000;;;;
Sangle Hans;Ceinture;130;01;17;2021;09;18;50;;100066 kamas/u.;799 999;;;;;
Ceinture Bodiézele;Ceinture;130;01;17;2021;09;18;55;;171591 kamas/u.;249 000;;;;;
Ceinture Bodiézele;Ceinture;130;01;17;2021;09;19;00;;171591 kamas/u.;249 000;;;;;
Ceinture Cérémoniale du Seigneur des Rats;Ceinture;133;01;17;2021;09;19;05;;1491493 kamas/u.;1 600 000;1 800 000;1 900 000;2 099 969;2 100 000;2 200 000;2 355 000;2 499 999;2 499 999;2 534 000;2 600 000;
String Automnal du Chéne Mou;Ceinture;141;01;17;2021;09;19;13;;2685999 kamas/u.;2 300 000;2 300 000;2 485 000;2 485 000;2 485 000;2 680 000;2 800 000;2 800 000;2 830 000;2 850 000;3 000 000;3111 111;3111111;3 888 888;3 999 888;3 999 888;3 999 888;3 999 888;3 999 888;3 999 888;3 999 888;3 999 888;3 999 999;4 000 000;5 850 000;31 000 000;31 000 000;74 999 012;75 000 000;
Ceinture Bitoufale de Prosper Youpla;Ceinture;148;01;17;2021;09;19;26;;1685785 kamas/u.;1 559 000;1 690 001;1999 999;2 850 000;3 199 900;
Ceinture du Minotot;Ceinture;149;01;17;2021;09;19;31;;4070503 kamas/u.;5 555 555;5 600 000;5 700 000;5 800 000;6 000 001;
-Ceinture Mycosine;Ceinture;177;01;17;2021;09;19;36;;8424678 kamas/u.;9 499 990;9 499 990;9 750 000;10 000 000;10 000 000;11 400 000;12 100 000;12 200 000;12 500 000;12 999 999;13 000 000;12 999 999;13 000 000;15 000 000;
Tranche des Sous-bois;Ceinture;179;01;17;2021;09;19;44;;2442598 kamas/u.;1 900 000;1 949 998;1 949 999;1 949 999;1 949 999;2055 555;2 200 000;2 399 980;2 399 999;2 400 000;2 700 000;2 700 000;3 000 000;3 000 000;3 000 000;3 000 000;3 000 000;3 000 000;3 200 000;4 500 000;
Ceinture Tore;Ceinture;181;01;17;2021;09;19;55;;6638603 kamas/u.;5 500 000;5 500 000;5 799 990;5 799 990;5 799 990;5 799 990;5 799 990;6 666 666;6 699 999;6 800 000;6 850 000;6 899 999;6 899 999;7 000 000;7 000 000;7 300 000;7 400 000;7 400 000;7 449 999;7 499 999;7 500 000;7 500 000;7 500 000;7 800 000;8 000 000;8 000 000;8 444 444;8 800 000;8 800 000;8 999 012;9 450 000;9999 012;9 999 012;135 000 000;159 999 012;
Ceinture Toré;Ceinture;181;01;17;2021;09;20;13;;6638603 kamas/u.;5 500 000;5 500 000;5 799 990;5 799 990;5 799 990;5 799 990;5 799 990;6 666 666;6 699 999;6 800 000;6 850 000;6 899 999;6 899 999;7 000 000;7 000 000;7 300 000;7 400 000;7 400 000;7 449 999;7 499 999;7 500 000;7 500 000;7 500 000;7 800 000;8 000 000;8 000 000;8 444 444;8 800 000;8 800 000;8 999 012;9 450 000;9999 012;9 999 012;135 000 000;159 999 012;
Ceinture Rasboulaire du Rasboul;Ceinture;182;01;17;2021;09;20;29;;3175196 kamas/u.;1 099 990;1 099 990;1 099 990;1 099 990;1 099 990;2 100 000;2 100 000;2 100 000;2 100 000;2 222 222;2 222 222;3 200 000;3 210 004;3 210 004;3 210 004;3 455 555;3 500 000;4 000 000;4 500 000;4999 301;4 500 000;4999 301;5 000 000;
. Ougature;Ceinture;185;01;17;2021;09;20;40;;2300504 kamas/u.;1 549 990;1 549 990;1 549 990;1 549 990;1 549 990;1 549 990;1 549 990;2 899 969;
String Tue-Mouche;Ceinture;192;01;17;2021;09;20;46;;1381778 kamas/u.;1 650 000;1 700 000;1 899 990;1 899 990;2 200 000;2 400 000;2 999 012;3 000 000;3 000 000;3 200 000;5 000 000;
